{
  "bonus_chest": false,
  "dimensions": {
    "minecraft:overworld": {
      "type": "minecraft:overworld",
      "generator": {
        "settings": {
          "lakes": false,
          "features": true,
          "biome": "minecraft:the_void",
          "structures": {
            "structures": {}
          },
          "layers": [
            {
              "height": 1,
              "block": "minecraft:air"
            }
          ]
        },
        "type": "minecraft:flat"
      }
    },
    "minecraft:the_nether": {
      "type": "minecraft:the_nether",
      "generator": {
        "biome_source": {
          "preset": "minecraft:nether",
          "seed": 9043277676076872365,
          "type": "minecraft:multi_noise"
        },
        "seed": 9043277676076872365,
        "settings": "minecraft:nether",
        "type": "minecraft:noise"
      }
    },
    "minecraft:the_end": {
      "type": "minecraft:the_end",
      "generator": {
        "biome_source": {
          "seed": 9043277676076872365,
          "type": "minecraft:the_end"
        },
        "seed": 9043277676076872365,
        "settings": "minecraft:end",
        "type": "minecraft:noise"
      }
    }
  },
  "seed": 9043277676076872365,
  "generate_features": false
}