{"stat.useItem.minecraft.stone":3127,"stat.leaveGame":7,"stat.useItem.minecraft.ender_chest":4,"stat.useItem.minecraft.diamond_sword":27,"stat.useItem.minecraft.carpet":13,"stat.useItem.minecraft.glowstone":13,"stat.useItem.minecraft.bedrock":4,"stat.jump":508,"stat.useItem.minecraft.planks":4,"stat.crouchOneCm":44924,"stat.useItem.minecraft.nether_brick_fence":6,"stat.useItem.minecraft.dirt":794,"achievement.exploreAllBiomes":{"value":0,"progress":["Plains"]},"stat.useItem.minecraft.stone_brick_stairs":39,"stat.useItem.minecraft.gold_block":4,"stat.useItem.minecraft.anvil":1,"stat.flyOneCm":1932215,"stat.killEntity.Villager":9,"stat.damageDealt":2445,"stat.useItem.minecraft.wool":366,"stat.timeSinceDeath":248130,"stat.useItem.minecraft.sign":26,"stat.useItem.minecraft.spawn_egg":9,"stat.useItem.minecraft.wooden_slab":104,"stat.walkOneCm":196520,"stat.useItem.minecraft.chest":5,"stat.useItem.minecraft.log":22,"stat.useItem.minecraft.cobblestone":94,"stat.useItem.minecraft.emerald_block":10,"stat.talkedToVillager":4,"stat.useItem.minecraft.double_plant":1,"stat.useItem.minecraft.spruce_fence":15,"stat.useItem.minecraft.stained_hardened_clay":441,"stat.useItem.minecraft.leaves":341,"stat.sprintOneCm":45106,"stat.useItem.minecraft.stained_glass":183,"stat.useItem.minecraft.diamond_block":2,"stat.useItem.minecraft.tallgrass":29,"stat.useItem.minecraft.fence":5,"stat.useItem.minecraft.stone_stairs":13,"stat.useItem.minecraft.stone_slab":329,"stat.useItem.minecraft.bed":6,"achievement.openInventory":135,"stat.useItem.minecraft.barrier":9,"stat.useItem.minecraft.cauldron":1,"stat.useItem.minecraft.iron_block":40,"stat.mobKills":9,"stat.useItem.minecraft.stonebrick":108,"stat.useItem.minecraft.dye":6,"stat.useItem.minecraft.monster_egg":266,"stat.useItem.minecraft.mossy_cobblestone":60,"stat.useItem.minecraft.cobblestone_wall":53,"stat.drop":7,"stat.playOneMinute":248130}