{"stats":{"minecraft:dropped":{"minecraft:lantern":7,"minecraft:glowstone":70},"minecraft:picked_up":{"minecraft:stick":2,"minecraft:glowstone":70,"minecraft:red_bed":4,"minecraft:lantern":7},"minecraft:custom":{"minecraft:time_since_rest":54406,"minecraft:crouch_one_cm":1976,"minecraft:sprint_one_cm":14443,"minecraft:play_time":54406,"minecraft:open_enderchest":1,"minecraft:walk_one_cm":28385,"minecraft:sneak_time":2927,"minecraft:drop":9,"minecraft:jump":75,"minecraft:leave_game":12,"minecraft:time_since_death":54406,"minecraft:total_world_time":57949,"minecraft:fly_one_cm":997984},"minecraft:used":{"minecraft:oak_log":45,"minecraft:oak_trapdoor":53,"minecraft:oak_leaves":182,"minecraft:debug_stick":2,"minecraft:light_gray_stained_glass_pane":1,"minecraft:red_wool":33,"minecraft:andesite":17,"minecraft:spruce_trapdoor":5}},"DataVersion":2730}