{"stats":{"minecraft:dropped":{"minecraft:bone_meal":1,"minecraft:bamboo":1},"minecraft:custom":{"minecraft:time_since_rest":214489,"minecraft:play_one_minute":214489,"minecraft:crouch_one_cm":3434,"minecraft:sprint_one_cm":15832,"minecraft:walk_one_cm":34978,"minecraft:sneak_time":8579,"minecraft:drop":2,"minecraft:jump":118,"minecraft:damage_dealt":66,"minecraft:leave_game":1,"minecraft:time_since_death":214489,"minecraft:fly_one_cm":1486746},"minecraft:used":{"minecraft:gray_terracotta":74,"minecraft:yellow_wool":24,"minecraft:bamboo":147,"minecraft:jungle_sapling":20,"minecraft:respawn_anchor":2,"minecraft:torch":7,"minecraft:jungle_leaves":1400,"minecraft:jungle_wood":341,"minecraft:cobblestone":125,"minecraft:black_stained_glass":36,"minecraft:vine":10,"minecraft:stripped_jungle_log":4,"minecraft:red_wool":24,"minecraft:jungle_log":15,"minecraft:white_stained_glass":286,"minecraft:grass_block":10,"minecraft:jungle_planks":27,"minecraft:jungle_fence":132,"minecraft:string":138,"minecraft:lime_wool":23,"minecraft:jungle_slab":450,"minecraft:blue_wool":20,"minecraft:jungle_stairs":112,"minecraft:stone":25,"minecraft:stripped_jungle_wood":89,"minecraft:bone_meal":70,"minecraft:glass":13},"minecraft:picked_up":{"minecraft:stick":4,"minecraft:torch":2,"minecraft:bone_meal":1,"minecraft:jungle_sapling":1,"minecraft:bamboo":1,"minecraft:azure_bluet":1}},"DataVersion":2586}